block,time_range,period,soc_start,soc_end,soc_change,baseline_kw,change_rate,action
1,00:00-02:59,Đêm khuya,15.0,15.0,0.0,208.17275747508307,0.0,⚡ SẠC NHẸ
2,03:00-05:59,Sáng sớm,15.0,15.0,0.0,208.17275747508307,0.0,⚡ SẠC NHẸ
3,06:00-08:59,Buổi sáng,15.0,15.0,0.0,208.17275747508307,0.0,⚡ SẠC NHẸ
4,09:00-11:59,Trưa,15.0,15.0,0.0,208.17275747508307,0.0,⚡ SẠC NHẸ
5,12:00-14:59,Chiều,15.0,15.0,0.0,208.17275747508307,0.0,⚡ SẠC NHẸ
6,15:00-17:59,Chiều muộn,15.0,15.0,0.0,208.17275747508307,0.0,⚡ SẠC NHẸ
7,18:00-20:59,Tối,15.0,15.0,0.0,208.17275747508307,0.0,⚡ SẠC NHẸ
8,21:00-23:59,Đêm,15.0,15.0,0.0,208.17275747508307,0.0,⚡ SẠC NHẸ
