block,time_range,period,soc_start,soc_predicted,soc_change,baseline_kw,change_rate,duration_hours
1,00:00-02:59,Đêm khuya,15.0,19.167676446444794,4.167676446444794,310.73646970455997,1.3892254821482641,3.0
2,03:00-05:59,Sáng sớm,19.167676446444794,23.210216425135815,4.042539978691021,307.6569454581278,1.3475133262303407,3.0
3,06:00-08:59,Buổi sáng,23.210216425135815,27.30794111166366,4.097724686527844,309.01500397509153,1.3659082288426143,3.0
4,09:00-11:59,Trưa,27.30794111166366,31.658034074587995,4.350092962924336,315.22561739693214,1.450030987641446,3.0
5,12:00-14:59,Chiều,31.658034074587995,36.45473145541467,4.7966973808266715,326.21625152766507,1.5988991269422232,3.0
6,15:00-17:59,Chiều muộn,36.45473145541467,29.145289154002025,-7.309442301412641,28.292302167770607,-2.4364807671375472,3.0
7,18:00-20:59,Tối,29.145289154002025,22.11550292548185,-7.029786228520177,35.174449894913835,-2.343262076173392,3.0
8,21:00-23:59,Đêm,22.11550292548185,15.001230478998263,-7.114272446483586,33.09530093555839,-2.371424148827862,3.0
