block,time_range,period,action,soc_start,soc_target,soc_predicted,soc_change,baseline_kw,change_rate,duration_hours
1,00:00-02:59,Đêm khuya,maintain,15.0,17,17.0,2.0,257.3914113448997,0.6666666666666665,3.0
2,03:00-05:59,Sáng sớm,maintain,17.0,17,17.0,0.0,208.17275747508307,0.0,3.0
3,06:00-08:59,Buổi sáng,charge_heavy,17.0,85,85.0,68.0,1881.6069890488498,22.666666666666668,3.0
4,09:00-11:59,Trưa,discharge,85.0,75,76.5409,-8.459100000000007,0.0,-2.8197,3.0
5,12:00-14:59,Chiều,charge_medium,76.5409,85,85.0,8.459100000000007,416.34551495016626,2.819700000000002,3.0
6,15:00-17:59,Chiều muộn,discharge,85.0,65,76.5409,-8.459100000000007,0.0,-2.8197,3.0
7,18:00-20:59,Tối,discharge,76.5409,40,68.08179999999999,-8.459100000000007,0.0,-2.8197,3.0
8,21:00-23:59,Đêm,discharge,68.08179999999999,15,59.62269999999999,-8.4591,0.0,-2.8197,3.0
